<?xml version="1.0" encoding="UTF-8"?>
<!DOCTYPE plist PUBLIC "-//Apple//DTD PLIST 1.0//EN" "http://www.apple.com/DTDs/PropertyList-1.0.dtd">
<plist version="1.0">
<dict>
	<key>API_KEY</key>
	<string>AIzaSyA_z2X5lvrqgCVooVSW8GEKXydEIteix14</string>
	<key>GCM_SENDER_ID</key>
	<string>359264037160</string>
	<key>PLIST_VERSION</key>
	<string>1</string>
	<key>BUNDLE_ID</key>
	<string>com.ananapp.stockbarcodereader</string>
	<key>PROJECT_ID</key>
	<string>barcodescan-4e656</string>
	<key>STORAGE_BUCKET</key>
	<string>barcodescan-4e656.firebasestorage.app</string>
	<key>IS_ADS_ENABLED</key>
	<false></false>
	<key>IS_ANALYTICS_ENABLED</key>
	<false></false>
	<key>IS_APPINVITE_ENABLED</key>
	<true></true>
	<key>IS_GCM_ENABLED</key>
	<true></true>
	<key>IS_SIGNIN_ENABLED</key>
	<true></true>
	<key>GOOGLE_APP_ID</key>
	<string>1:359264037160:ios:2479fb9ef9c09c6a1ac81d</string>
</dict>
</plist>